,cost,k
0,1473303.5923712922,2
1,1242306.3756720417,3
2,1085829.768591448,4
3,982910.8445679748,5
4,830386.288968142,6
5,771099.5077683787,7
6,730473.8904413267,8
7,615668.4503800914,9
